{
  "images" : [
    {
      "size" : "60x60",
      "idiom" : "iphone",
      "filename" : "Icon-60@2x.png",
      "scale" : "2x"
    },
    {
      "filename" : "Icon-60@3x.png",
      "size" : "60x60",
      "idiom" : "iphone",
      "scale" : "3x"
    },
    {
      "idiom" : "ipad",
      "scale" : "1x",
      "size" : "76x76",
      "filename" : "Icon-76.png"
    },
    {
      "size" : "76x76",
      "scale" : "2x",
      "idiom" : "ipad",
      "filename" : "Icon-76@2x.png"
    },
    {
      "idiom" : "ipad",
      "size" : "83.5x83.5",
      "filename" : "Icon-83.5@2x.png",
      "scale" : "2x"
    },
    {
      "filename" : "Icon-Small-40.png",
      "scale" : "1x",
      "idiom" : "ipad",
      "size" : "40x40"
    },
    {
      "filename" : "Icon-Small-40@2x.png",
      "scale" : "2x",
      "size" : "40x40",
      "idiom" : "ipad"
    },
    {
      "filename" : "Icon-Small-40@2x.png",
      "size" : "40x40",
      "idiom" : "iphone",
      "scale" : "2x"
    },
    {
      "idiom" : "iphone",
      "filename" : "Icon-Small-40@3x.png",
      "size" : "40x40",
      "scale" : "3x"
    },
    {
      "scale" : "1x",
      "filename" : "Icon-Small.png",
      "size" : "29x29",
      "idiom" : "ipad"
    },
    {
      "size" : "29x29",
      "scale" : "2x",
      "idiom" : "ipad",
      "filename" : "Icon-Small@2x.png"
    },
    {
      "filename" : "Icon-Small@2x.png",
      "size" : "29x29",
      "scale" : "2x",
      "idiom" : "iphone"
    },
    {
      "size" : "29x29",
      "filename" : "Icon-Small@3x.png",
      "idiom" : "iphone",
      "scale" : "3x"
    },
    {
      "idiom" : "ipad",
      "filename" : "Icon-Notification.png",
      "size" : "20x20",
      "scale" : "1x"
    },
    {
      "size" : "20x20",
      "idiom" : "ipad",
      "filename" : "Icon-Notification@2x.png",
      "scale" : "2x"
    },
    {
      "size" : "20x20",
      "scale" : "2x",
      "filename" : "Icon-Notification@2x.png",
      "idiom" : "iphone"
    },
    {
      "size" : "20x20",
      "idiom" : "iphone",
      "filename" : "Icon-Notification@3x.png",
      "scale" : "3x"
    }
  ],
  "info" : {
    "author" : "supernova",
    "version" : 1
  }
}